epoch,open,high,low,close,volume,utc
1515508200,0.08214,0.082772,0.082094,0.082526,9442.78,2018-01-09 14:30:00
1515510000,0.082543,0.08265,0.0819,0.082303,9330.468,2018-01-09 15:00:00
1515511800,0.082168,0.082895,0.08175,0.082,8421.43,2018-01-09 15:30:00
1515513600,0.082046,0.082132,0.0816,0.081612,7836.951,2018-01-09 16:00:00
1515515400,0.081612,0.08175,0.081091,0.081381,9496.826,2018-01-09 16:30:00
1515517200,0.081274,0.081555,0.081003,0.081125,6761.642,2018-01-09 17:00:00
1515519000,0.081125,0.081499,0.08055,0.080969,5977.809,2018-01-09 17:30:00
1515520800,0.080959,0.08151,0.0808,0.0813,6777.039,2018-01-09 18:00:00
1515522600,0.0813,0.0817,0.0813,0.081632,6448.828,2018-01-09 18:30:00
1515524400,0.081555,0.081863,0.08145,0.081574,5296.653,2018-01-09 19:00:00
1515526200,0.08159,0.082054,0.081517,0.082014,6619.034,2018-01-09 19:30:00
1515528000,0.082014,0.0841,0.081934,0.08395,9936.257,2018-01-09 20:00:00
1515529800,0.083861,0.0845,0.083345,0.084397,11722.504,2018-01-09 20:30:00
1515531600,0.084314,0.0848,0.084237,0.084705,9631.835,2018-01-09 21:00:00
1515533400,0.084789,0.0874,0.084705,0.086711,14306.434,2018-01-09 21:30:00
1515535200,0.086771,0.089,0.086452,0.088905,15933.543,2018-01-09 22:00:00
1515537000,0.088996,0.093,0.088566,0.088922,25146.841,2018-01-09 22:30:00
1515538800,0.0889,0.093,0.088888,0.09095,20282.928,2018-01-09 23:00:00
1515540600,0.09106,0.0915,0.0879,0.08965,15075.984,2018-01-09 23:30:00
1515542400,0.089659,0.0899,0.08801,0.089813,8772.255,2018-01-10 00:00:00
1515544200,0.089814,0.091009,0.089666,0.090148,8079.424,2018-01-10 00:30:00
1515546000,0.090101,0.090748,0.089631,0.09067,9569.85,2018-01-10 01:00:00
1515547800,0.090601,0.091218,0.09,0.090231,7830.702,2018-01-10 01:30:00
1515549600,0.090231,0.0915,0.090114,0.091288,8091.115,2018-01-10 02:00:00
1515551400,0.091488,0.0925,0.091288,0.09193,9978.63,2018-01-10 02:30:00
1515553200,0.09199,0.095,0.091925,0.094741,12499.374,2018-01-10 03:00:00
1515555000,0.094726,0.0985,0.094726,0.09678,20220.505,2018-01-10 03:30:00
1515556800,0.096779,0.0986,0.094853,0.098145,16122.9,2018-01-10 04:00:00
1515558600,0.098145,0.101004,0.098083,0.100639,18084.888,2018-01-10 04:30:00
1515560400,0.100635,0.100767,0.09678,0.098472,18278.467,2018-01-10 05:00:00
1515562200,0.098365,0.098476,0.095,0.095857,14005.214,2018-01-10 05:30:00
1515564000,0.095954,0.097706,0.093851,0.096949,11884.584,2018-01-10 06:00:00
1515565800,0.09693,0.09744,0.096,0.096276,8934.894,2018-01-10 06:30:00
1515567600,0.096216,0.097199,0.095131,0.095562,13025.648,2018-01-10 07:00:00
1515569400,0.095562,0.0956,0.093851,0.094,11205.851,2018-01-10 07:30:00
1515571200,0.094,0.0948,0.092727,0.0944,15789.368,2018-01-10 08:00:00
1515573000,0.0944,0.097946,0.094075,0.0978,13197.621,2018-01-10 08:30:00
1515574800,0.097899,0.098211,0.095145,0.09541,11929.215,2018-01-10 09:00:00
1515576600,0.095411,0.095513,0.0908,0.092363,13857.422,2018-01-10 09:30:00
1515578400,0.092363,0.093725,0.092335,0.093706,9890.213,2018-01-10 10:00:00
1515580200,0.093704,0.093706,0.09165,0.092799,7004.557,2018-01-10 10:30:00
1515582000,0.092798,0.094,0.092387,0.092899,6428.816,2018-01-10 11:00:00
1515583800,0.092898,0.0979,0.091,0.096,12837.135,2018-01-10 11:30:00
1515585600,0.096,0.09675,0.095,0.096576,7656.414,2018-01-10 12:00:00
1515587400,0.096576,0.09681,0.094748,0.095503,9136.807,2018-01-10 12:30:00
1515589200,0.095582,0.09685,0.095482,0.0959,5642.617,2018-01-10 13:00:00
1515591000,0.095899,0.09663,0.095869,0.096355,8870.994,2018-01-10 13:30:00
1515592800,0.096355,0.097696,0.096167,0.096579,8929.138,2018-01-10 14:00:00
1515594600,0.096579,0.097001,0.095,0.09646,9865.679,2018-01-10 14:30:00
1515596400,0.09638,0.098,0.095549,0.095899,11076.319,2018-01-10 15:00:00
1515598200,0.095903,0.09661,0.093417,0.09379,13134.022,2018-01-10 15:30:00
1515600000,0.093784,0.09415,0.092,0.092223,13250.345,2018-01-10 16:00:00
1515601800,0.09213,0.092683,0.090259,0.091738,10525.8,2018-01-10 16:30:00
1515603600,0.09171,0.0935,0.091118,0.0933,6759.819,2018-01-10 17:00:00
1515605400,0.0933,0.094,0.091,0.091419,6690.124,2018-01-10 17:30:00
1515607200,0.091419,0.09197,0.0895,0.089977,8834.981,2018-01-10 18:00:00
1515609000,0.089977,0.090164,0.088331,0.0885,6236.924,2018-01-10 18:30:00
1515610800,0.088536,0.089022,0.08841,0.08861,5563.89,2018-01-10 19:00:00
1515612600,0.088637,0.09099,0.088502,0.090945,6753.646,2018-01-10 19:30:00
1515614400,0.090814,0.09141,0.090078,0.09012,6086.654,2018-01-10 20:00:00
1515616200,0.090106,0.090199,0.08888,0.089488,6886.113,2018-01-10 20:30:00
1515618000,0.089487,0.091172,0.087,0.090146,7076.566,2018-01-10 21:00:00
1515619800,0.090146,0.090146,0.087,0.087186,8721.825,2018-01-10 21:30:00
1515621600,0.087182,0.087244,0.0845,0.086521,11784.458,2018-01-10 22:00:00
1515623400,0.086335,0.08691,0.084006,0.084918,10931.847,2018-01-10 22:30:00
1515625200,0.084824,0.086143,0.0841,0.0841,7500.989,2018-01-10 23:00:00
1515627000,0.084101,0.084553,0.08282,0.083884,9233.402,2018-01-10 23:30:00
1515628800,0.083881,0.088117,0.082987,0.088003,9664.67,2018-01-11 00:00:00
1515630600,0.088097,0.091699,0.08795,0.091497,9052.761,2018-01-11 00:30:00
1515632400,0.091498,0.091699,0.088116,0.0896,8794.998,2018-01-11 01:00:00
1515634200,0.089546,0.090227,0.089256,0.08982,5096.146,2018-01-11 01:30:00
1515636000,0.08982,0.0907,0.089345,0.090516,3925.354,2018-01-11 02:00:00
1515637800,0.090516,0.0917,0.090351,0.091323,4911.06,2018-01-11 02:30:00
1515639600,0.091323,0.092004,0.09,0.091714,8802.505,2018-01-11 03:00:00
1515641400,0.091715,0.091926,0.087007,0.089746,15639.651,2018-01-11 03:30:00
1515643200,0.089656,0.091573,0.0879,0.08963,17841.285,2018-01-11 04:00:00
1515645000,0.08969,0.090487,0.087163,0.089693,19659.408,2018-01-11 04:30:00
1515646800,0.089693,0.092216,0.089421,0.090225,11290.229,2018-01-11 05:00:00
1515648600,0.090161,0.090399,0.088011,0.08862,8533.303,2018-01-11 05:30:00
1515650400,0.088523,0.09038,0.0878,0.08852,7483.889,2018-01-11 06:00:00
1515652200,0.088599,0.089999,0.08853,0.089744,6678.666,2018-01-11 06:30:00
1515654000,0.089699,0.0908,0.088689,0.090371,6361.55,2018-01-11 07:00:00
1515655800,0.090197,0.09108,0.089741,0.090933,6733.02,2018-01-11 07:30:00
1515657600,0.09089,0.09124,0.09,0.090019,7203.606,2018-01-11 08:00:00
1515659400,0.090019,0.090286,0.089294,0.090053,7685.29,2018-01-11 08:30:00
1515661200,0.089954,0.090515,0.089954,0.090319,4627.759,2018-01-11 09:00:00
1515663000,0.090406,0.09104,0.090257,0.090839,5177.445,2018-01-11 09:30:00
1515664800,0.090839,0.090866,0.089884,0.090111,4717.678,2018-01-11 10:00:00
1515666600,0.090112,0.090322,0.089009,0.08922,5058.767,2018-01-11 10:30:00
1515668400,0.089355,0.089618,0.087712,0.0878,7604.345,2018-01-11 11:00:00
1515670200,0.087888,0.090108,0.087261,0.08887,6905.337,2018-01-11 11:30:00
1515672000,0.08887,0.0889,0.0877,0.087999,6067.59,2018-01-11 12:00:00
1515673800,0.088027,0.088299,0.08714,0.087473,5546.526,2018-01-11 12:30:00
1515675600,0.087473,0.087638,0.08622,0.086501,6516.404,2018-01-11 13:00:00
1515677400,0.086628,0.0874,0.086201,0.087279,7490.104,2018-01-11 13:30:00
1515679200,0.087191,0.088643,0.087191,0.087639,9772.702,2018-01-11 14:00:00
1515681000,0.087639,0.088208,0.0857,0.08603,15265.458,2018-01-11 14:30:00
1515682800,0.086147,0.087548,0.085714,0.087302,14748.316,2018-01-11 15:00:00
1515684600,0.087302,0.088,0.086977,0.087572,8946.79,2018-01-11 15:30:00
1515686400,0.087571,0.087656,0.0865,0.087425,7578.337,2018-01-11 16:00:00
1515688200,0.087425,0.088344,0.087308,0.088153,6488.935,2018-01-11 16:30:00
1515690000,0.088153,0.089012,0.088053,0.088882,7910.155,2018-01-11 17:00:00
1515691800,0.088766,0.08952,0.088726,0.089346,6388.744,2018-01-11 17:30:00
1515693600,0.089345,0.08952,0.089172,0.089287,7204.211,2018-01-11 18:00:00
1515695400,0.089172,0.089429,0.088681,0.089122,5914.316,2018-01-11 18:30:00
1515697200,0.089122,0.089174,0.087658,0.087668,8253.628,2018-01-11 19:00:00
1515699000,0.08778,0.088537,0.087462,0.087639,7264.092,2018-01-11 19:30:00
1515700800,0.087723,0.087988,0.087268,0.08787,4309.324,2018-01-11 20:00:00
1515702600,0.087871,0.088382,0.087712,0.088062,4374.861,2018-01-11 20:30:00
1515704400,0.088167,0.088199,0.087477,0.087803,4022.486,2018-01-11 21:00:00
1515706200,0.087912,0.08823,0.087164,0.087594,4851.454,2018-01-11 21:30:00
1515708000,0.087589,0.08808,0.087262,0.087989,5223.535,2018-01-11 22:00:00
1515709800,0.087989,0.088199,0.086,0.086864,8658.104,2018-01-11 22:30:00
1515711600,0.086864,0.086945,0.085498,0.086047,7064.409,2018-01-11 23:00:00
1515713400,0.086046,0.086047,0.085859,0.08597,5216.152,2018-01-11 23:30:00
1515715200,0.08597,0.086036,0.085388,0.085446,3988.35,2018-01-12 00:00:00
1515717000,0.085446,0.085947,0.085,0.085834,4801.238,2018-01-12 00:30:00
1515718800,0.085946,0.086541,0.085807,0.086137,2956.806,2018-01-12 01:00:00
1515720600,0.086204,0.087769,0.086091,0.087388,3895.496,2018-01-12 01:30:00
1515722400,0.087464,0.08793,0.087387,0.087495,2846.407,2018-01-12 02:00:00
1515724200,0.087495,0.08788,0.087388,0.087572,2690.701,2018-01-12 02:30:00
1515726000,0.087571,0.088199,0.08739,0.087511,3127.842,2018-01-12 03:00:00
1515727800,0.087521,0.0888,0.087415,0.088369,5175.227,2018-01-12 03:30:00
1515729600,0.088369,0.08845,0.087687,0.087869,4996.422,2018-01-12 04:00:00
1515731400,0.087869,0.088547,0.087751,0.08805,4470.932,2018-01-12 04:30:00
1515733200,0.088049,0.089181,0.0879,0.08908,4522.314,2018-01-12 05:00:00
1515735000,0.08901,0.08935,0.0889,0.089192,4463.746,2018-01-12 05:30:00
1515736800,0.089192,0.089809,0.089,0.089,4552.199,2018-01-12 06:00:00
1515738600,0.08907,0.089152,0.087972,0.088371,6358.721,2018-01-12 06:30:00
1515740400,0.088372,0.08944,0.088156,0.088696,6081.383,2018-01-12 07:00:00
1515742200,0.088695,0.08917,0.088551,0.088775,4675.424,2018-01-12 07:30:00
1515744000,0.088775,0.089296,0.088554,0.08873,4042.722,2018-01-12 08:00:00
1515745800,0.08873,0.088915,0.088099,0.088311,4597.295,2018-01-12 08:30:00
1515747600,0.088249,0.088419,0.088016,0.088334,4202.858,2018-01-12 09:00:00
1515749400,0.088334,0.089,0.087977,0.088189,3343.631,2018-01-12 09:30:00
1515751200,0.088189,0.088284,0.087595,0.08764,3224.329,2018-01-12 10:00:00
1515753000,0.087728,0.087849,0.087132,0.087297,3492.68,2018-01-12 10:30:00
1515754800,0.087297,0.087774,0.087001,0.087644,4717.088,2018-01-12 11:00:00
1515756600,0.0876,0.08808,0.087469,0.087823,3826.073,2018-01-12 11:30:00
1515758400,0.087739,0.088587,0.087739,0.088494,3502.775,2018-01-12 12:00:00
1515760200,0.088495,0.091133,0.08842,0.091016,6136.901,2018-01-12 12:30:00
1515762000,0.091107,0.092,0.089978,0.091547,5467.084,2018-01-12 13:00:00
1515763800,0.091547,0.092,0.090405,0.091151,6444.154,2018-01-12 13:30:00
1515765600,0.091266,0.092016,0.090943,0.091208,6352.163,2018-01-12 14:00:00
1515767400,0.091208,0.091965,0.090917,0.091168,4010.717,2018-01-12 14:30:00
1515769200,0.091242,0.091616,0.090872,0.090874,3948.867,2018-01-12 15:00:00
1515771000,0.090921,0.091158,0.0903,0.090731,4177.866,2018-01-12 15:30:00
1515772800,0.090826,0.091499,0.0906,0.090634,4338.319,2018-01-12 16:00:00
1515774600,0.090634,0.091264,0.090592,0.090834,3636.309,2018-01-12 16:30:00
1515776400,0.090834,0.09201,0.090743,0.091049,4886.897,2018-01-12 17:00:00
1515778200,0.09105,0.09105,0.09074,0.090851,4213.873,2018-01-12 17:30:00
1515780000,0.090851,0.090996,0.0908,0.090881,2409.363,2018-01-12 18:00:00
1515781800,0.090882,0.09135,0.09084,0.09097,2549.333,2018-01-12 18:30:00
1515783600,0.091043,0.091528,0.090963,0.091387,3058.484,2018-01-12 19:00:00
1515785400,0.091341,0.091494,0.091079,0.091221,2973.886,2018-01-12 19:30:00
1515787200,0.091292,0.091595,0.091,0.0911,3359.029,2018-01-12 20:00:00
1515789000,0.091196,0.091198,0.0906,0.090698,2918.186,2018-01-12 20:30:00
1515790800,0.090638,0.09126,0.0906,0.091099,2441.9,2018-01-12 21:00:00
1515792600,0.091099,0.091269,0.090914,0.091025,2254.244,2018-01-12 21:30:00
1515794400,0.091025,0.091444,0.090986,0.091216,2245.878,2018-01-12 22:00:00
1515796200,0.091219,0.091463,0.090962,0.09105,3338.786,2018-01-12 22:30:00
1515798000,0.091147,0.091549,0.090966,0.091046,3765.477,2018-01-12 23:00:00
1515799800,0.091137,0.091722,0.091095,0.09132,4145.936,2018-01-12 23:30:00
1515801600,0.09132,0.091685,0.091197,0.091448,6080.397,2018-01-13 00:00:00
1515803400,0.091449,0.091565,0.090489,0.090646,6375.435,2018-01-13 00:30:00
1515805200,0.090646,0.091091,0.090231,0.090349,6664.894,2018-01-13 01:00:00
1515807000,0.090349,0.0907,0.08985,0.09057,6831.611,2018-01-13 01:30:00
1515808800,0.090571,0.091252,0.090365,0.0911,6280.223,2018-01-13 02:00:00
1515810600,0.091107,0.091565,0.090752,0.091465,5524.45,2018-01-13 02:30:00
1515812400,0.091462,0.091565,0.090657,0.091296,6453.729,2018-01-13 03:00:00
1515814200,0.091226,0.0916,0.0911,0.091225,4714.62,2018-01-13 03:30:00
1515816000,0.091316,0.09199,0.091227,0.091967,7756.551,2018-01-13 04:00:00
1515817800,0.091962,0.091977,0.0913,0.091429,6966.258,2018-01-13 04:30:00
1515819600,0.0915,0.09202,0.09076,0.091547,10229.048,2018-01-13 05:00:00
1515821400,0.091547,0.092979,0.090899,0.092708,9533.585,2018-01-13 05:30:00
1515823200,0.09255,0.092999,0.092111,0.0923,9031.402,2018-01-13 06:00:00
1515825000,0.0923,0.092664,0.09195,0.0925,6549.713,2018-01-13 06:30:00
1515826800,0.09237,0.092898,0.092328,0.092777,5301.44,2018-01-13 07:00:00
1515828600,0.092776,0.0935,0.09265,0.093296,5995.439,2018-01-13 07:30:00
1515830400,0.093297,0.09347,0.092804,0.093182,5915.807,2018-01-13 08:00:00
1515832200,0.093285,0.094336,0.0931,0.094179,4478.534,2018-01-13 08:30:00
1515834000,0.094179,0.094914,0.094062,0.094374,5285.244,2018-01-13 09:00:00
1515835800,0.094374,0.0944,0.093152,0.093539,8138.875,2018-01-13 09:30:00
1515837600,0.093631,0.094209,0.0935,0.093919,8341.168,2018-01-13 10:00:00
1515839400,0.094011,0.0945,0.093851,0.094183,7248.313,2018-01-13 10:30:00
1515841200,0.094182,0.0947,0.094004,0.0945,6684.336,2018-01-13 11:00:00
1515843000,0.094419,0.094589,0.09421,0.094277,4294.285,2018-01-13 11:30:00
1515844800,0.094395,0.094435,0.094004,0.094279,4932.895,2018-01-13 12:00:00
1515846600,0.09437,0.095,0.09422,0.094916,6100.302,2018-01-13 12:30:00
1515848400,0.094913,0.095,0.094133,0.094249,6501.942,2018-01-13 13:00:00
1515850200,0.094244,0.0945,0.0927,0.09407,7011.346,2018-01-13 13:30:00
1515852000,0.094074,0.0941,0.093535,0.093561,6928.343,2018-01-13 14:00:00
1515853800,0.093679,0.09451,0.093114,0.094105,12445.111,2018-01-13 14:30:00
1515855600,0.094131,0.095,0.094104,0.094391,12274.817,2018-01-13 15:00:00
1515857400,0.094391,0.095728,0.094216,0.095153,10460.363,2018-01-13 15:30:00
1515859200,0.095152,0.0957,0.09458,0.094963,8124.832,2018-01-13 16:00:00
1515861000,0.094962,0.096,0.09485,0.095763,7836.559,2018-01-13 16:30:00
1515862800,0.095763,0.098,0.09563,0.0978,9318.322,2018-01-13 17:00:00
1515864600,0.097801,0.097943,0.096901,0.09774,7447.957,2018-01-13 17:30:00
1515866400,0.09774,0.0991,0.097636,0.098954,9529.099,2018-01-13 18:00:00
1515868200,0.098954,0.0995,0.098384,0.09946,9943.437,2018-01-13 18:30:00
1515870000,0.099357,0.0998,0.09802,0.098132,7363.978,2018-01-13 19:00:00
1515871800,0.098132,0.0989,0.098062,0.09842,7301.141,2018-01-13 19:30:00
1515873600,0.09842,0.099525,0.098,0.09951,7931.187,2018-01-13 20:00:00
1515875400,0.099496,0.10051,0.099417,0.10013,7380.502,2018-01-13 20:30:00
1515877200,0.10013,0.100449,0.0995,0.100174,6030.537,2018-01-13 21:00:00
1515879000,0.100174,0.100264,0.098732,0.098827,6218.383,2018-01-13 21:30:00
1515880800,0.098827,0.1,0.098632,0.099064,5646.153,2018-01-13 22:00:00
1515882600,0.099,0.099099,0.097138,0.09725,5895.47,2018-01-13 22:30:00
1515884400,0.097146,0.09755,0.096463,0.096978,5360.389,2018-01-13 23:00:00
1515886200,0.096977,0.097994,0.096877,0.097617,5131.142,2018-01-13 23:30:00
1515888000,0.097693,0.097798,0.09652,0.09668,4912.886,2018-01-14 00:00:00
1515889800,0.096584,0.096801,0.095752,0.09581,5539.482,2018-01-14 00:30:00
1515891600,0.09581,0.096754,0.095759,0.096499,4788.592,2018-01-14 01:00:00
1515893400,0.096444,0.097759,0.096444,0.096812,4865.012,2018-01-14 01:30:00
1515895200,0.096812,0.096906,0.0957,0.095879,6576.377,2018-01-14 02:00:00
1515897000,0.095869,0.096696,0.09555,0.09669,5272.431,2018-01-14 02:30:00
1515898800,0.096585,0.0975,0.0965,0.097324,5257.136,2018-01-14 03:00:00
1515900600,0.09733,0.097499,0.096816,0.096895,4180.841,2018-01-14 03:30:00
1515902400,0.096988,0.0977,0.096816,0.097312,4967.257,2018-01-14 04:00:00
1515904200,0.097252,0.097611,0.09649,0.097219,6195.558,2018-01-14 04:30:00
1515906000,0.097219,0.09795,0.097178,0.09734,6254.61,2018-01-14 05:00:00
1515907800,0.097338,0.0977,0.097184,0.097525,5051.125,2018-01-14 05:30:00
1515909600,0.097411,0.0987,0.097411,0.098316,4652.781,2018-01-14 06:00:00
1515911400,0.098316,0.098827,0.098103,0.098113,3990.179,2018-01-14 06:30:00
1515913200,0.098237,0.098576,0.097575,0.097749,4182.048,2018-01-14 07:00:00
1515915000,0.097767,0.099,0.097742,0.098279,4962.259,2018-01-14 07:30:00
1515916800,0.098279,0.0993,0.098193,0.098882,5080.028,2018-01-14 08:00:00
1515918600,0.09878,0.09999,0.098665,0.098904,6076.788,2018-01-14 08:30:00
1515920400,0.098839,0.09911,0.098282,0.098722,5223.412,2018-01-14 09:00:00
1515922200,0.098722,0.098979,0.098366,0.098945,3960.561,2018-01-14 09:30:00
1515924000,0.098806,0.09911,0.0985,0.098986,5153.55,2018-01-14 10:00:00
1515925800,0.098987,0.1,0.098985,0.099398,4602.041,2018-01-14 10:30:00
1515927600,0.099316,0.1,0.098348,0.098555,4989.405,2018-01-14 11:00:00
1515929400,0.098553,0.09925,0.097782,0.098104,6652.534,2018-01-14 11:30:00
1515931200,0.098105,0.098776,0.097841,0.098121,6977.808,2018-01-14 12:00:00
1515933000,0.09812,0.098311,0.096864,0.097103,6803.205,2018-01-14 12:30:00
1515934800,0.09727,0.098752,0.09701,0.09796,6249.727,2018-01-14 13:00:00
1515936600,0.097867,0.098077,0.097766,0.097877,4598.093,2018-01-14 13:30:00
1515938400,0.097877,0.098448,0.097767,0.097777,5434.337,2018-01-14 14:00:00
1515940200,0.097777,0.098223,0.09697,0.097464,6744.86,2018-01-14 14:30:00
1515942000,0.097293,0.09789,0.097099,0.097334,5839.701,2018-01-14 15:00:00
1515943800,0.097113,0.097691,0.096918,0.097294,6236.598,2018-01-14 15:30:00
1515945600,0.097294,0.098475,0.097294,0.097489,5216.63,2018-01-14 16:00:00
1515947400,0.097497,0.0977,0.09705,0.09751,3720.66,2018-01-14 16:30:00
1515949200,0.09751,0.098451,0.0973,0.097581,4524.777,2018-01-14 17:00:00
1515951000,0.097653,0.097897,0.097324,0.097504,3826.433,2018-01-14 17:30:00
1515952800,0.097539,0.098063,0.097439,0.097689,3746.305,2018-01-14 18:00:00
1515954600,0.097689,0.098,0.097215,0.097406,3962.715,2018-01-14 18:30:00
1515956400,0.097506,0.0995,0.097405,0.098203,5431.541,2018-01-14 19:00:00
1515958200,0.098102,0.098829,0.097658,0.098784,3919.373,2018-01-14 19:30:00
1515960000,0.098781,0.098966,0.0985,0.09867,3756.763,2018-01-14 20:00:00
1515961800,0.098754,0.099333,0.098416,0.098504,4101.202,2018-01-14 20:30:00
1515963600,0.098504,0.09881,0.0981,0.09835,4005.07,2018-01-14 21:00:00
1515965400,0.098256,0.0995,0.098251,0.098629,4129.889,2018-01-14 21:30:00
1515967200,0.098629,0.098697,0.098415,0.098532,3537.349,2018-01-14 22:00:00
1515969000,0.09866,0.099249,0.098455,0.0989,3571.235,2018-01-14 22:30:00
1515970800,0.098992,0.0999,0.0989,0.099604,5673.188,2018-01-14 23:00:00
1515972600,0.099468,0.099999,0.09932,0.09986,5488.946,2018-01-14 23:30:00
1515974400,0.09986,0.100955,0.099366,0.100856,6352.568,2018-01-15 00:00:00
1515976200,0.1009,0.101219,0.100342,0.100797,6772.873,2018-01-15 00:30:00
1515978000,0.100796,0.100862,0.09869,0.099037,7784.862,2018-01-15 01:00:00
1515979800,0.099179,0.099202,0.098238,0.098358,4243.266,2018-01-15 01:30:00
1515981600,0.098239,0.098498,0.097652,0.098071,4948.095,2018-01-15 02:00:00
1515983400,0.098071,0.099356,0.098071,0.09896,4449.391,2018-01-15 02:30:00
1515985200,0.09896,0.099367,0.098234,0.0983,4258.836,2018-01-15 03:00:00
1515987000,0.09824,0.099038,0.098233,0.098648,3718.029,2018-01-15 03:30:00
1515988800,0.098647,0.098973,0.098312,0.098349,3033.293,2018-01-15 04:00:00
1515990600,0.09832,0.098388,0.09775,0.097931,3436.61,2018-01-15 04:30:00
1515992400,0.097931,0.097999,0.0975,0.097665,3231.694,2018-01-15 05:00:00
1515994200,0.09766,0.098777,0.097522,0.098316,4394.869,2018-01-15 05:30:00
1515996000,0.098318,0.09896,0.097937,0.097943,4804.5,2018-01-15 06:00:00
1515997800,0.098068,0.098068,0.0971,0.097298,4948.73,2018-01-15 06:30:00
1515999600,0.09729,0.097499,0.0965,0.0969,6680.986,2018-01-15 07:00:00
1516001400,0.0969,0.097899,0.09676,0.097537,5441.638,2018-01-15 07:30:00
1516003200,0.097536,0.0979,0.097056,0.09757,6393.122,2018-01-15 08:00:00
1516005000,0.09757,0.097702,0.096992,0.097338,5703.26,2018-01-15 08:30:00
1516006800,0.097338,0.098869,0.096677,0.096849,5683.053,2018-01-15 09:00:00
1516008600,0.096849,0.097081,0.09638,0.09645,5508.974,2018-01-15 09:30:00
1516010400,0.096451,0.096633,0.095803,0.0959,5397.4,2018-01-15 10:00:00
1516012200,0.0959,0.0975,0.0958,0.096315,7548.45,2018-01-15 10:30:00
1516014000,0.096314,0.098,0.09562,0.095975,7808.8,2018-01-15 11:00:00
1516015800,0.095933,0.095998,0.094403,0.0946,5884.566,2018-01-15 11:30:00
1516017600,0.0946,0.094988,0.093689,0.093854,6340.588,2018-01-15 12:00:00
1516019400,0.093854,0.093969,0.0927,0.093633,9998.302,2018-01-15 12:30:00
1516021200,0.093533,0.093912,0.0895,0.092912,11026.567,2018-01-15 13:00:00
1516023000,0.092912,0.092913,0.090944,0.092189,9641.192,2018-01-15 13:30:00
1516024800,0.092088,0.092428,0.091,0.091342,7984.566,2018-01-15 14:00:00
1516026600,0.091354,0.092193,0.091143,0.09208,7219.571,2018-01-15 14:30:00
1516028400,0.092115,0.094132,0.092081,0.094132,7303.9,2018-01-15 15:00:00
1516030200,0.094132,0.094493,0.09358,0.093722,5247.037,2018-01-15 15:30:00
1516032000,0.093706,0.094098,0.093028,0.094009,5485.797,2018-01-15 16:00:00
1516033800,0.094009,0.094034,0.093001,0.093005,4822.005,2018-01-15 16:30:00
1516035600,0.093005,0.0938,0.092841,0.093258,4982.192,2018-01-15 17:00:00
1516037400,0.093168,0.094098,0.093168,0.09398,4181.559,2018-01-15 17:30:00
1516039200,0.093979,0.094098,0.0934,0.093999,4140.303,2018-01-15 18:00:00
1516041000,0.093999,0.0945,0.09393,0.094051,5320.831,2018-01-15 18:30:00
1516042800,0.094079,0.094494,0.093606,0.094358,3884.707,2018-01-15 19:00:00
1516044600,0.094363,0.094768,0.094182,0.094445,4024.651,2018-01-15 19:30:00
1516046400,0.094445,0.094675,0.0941,0.094288,5433.416,2018-01-15 20:00:00
1516048200,0.094287,0.09478,0.094082,0.0947,5494.537,2018-01-15 20:30:00
1516050000,0.09458,0.0948,0.0943,0.094451,2860.225,2018-01-15 21:00:00
1516051800,0.094403,0.095317,0.094385,0.09445,3178.125,2018-01-15 21:30:00
1516053600,0.09445,0.094536,0.093872,0.094234,2532.804,2018-01-15 22:00:00
1516055400,0.094251,0.094328,0.09373,0.09393,1954.007,2018-01-15 22:30:00
1516057200,0.09393,0.094255,0.093739,0.094045,3098.986,2018-01-15 23:00:00
1516059000,0.094078,0.09439,0.093742,0.09412,3130.132,2018-01-15 23:30:00
1516060800,0.0941,0.0945,0.093811,0.093811,4445.65,2018-01-16 00:00:00
1516062600,0.093811,0.094352,0.0932,0.094204,6837.272,2018-01-16 00:30:00
1516064400,0.094112,0.094248,0.0932,0.0942,4738.679,2018-01-16 01:00:00
1516066200,0.094064,0.0945,0.093701,0.094143,6181.88,2018-01-16 01:30:00
1516068000,0.094129,0.095343,0.094129,0.094511,5471.254,2018-01-16 02:00:00
1516069800,0.094511,0.095685,0.094278,0.095561,4634.231,2018-01-16 02:30:00
1516071600,0.095561,0.095758,0.095345,0.095405,3053.233,2018-01-16 03:00:00
1516073400,0.095401,0.0955,0.094888,0.095216,3026.253,2018-01-16 03:30:00
1516075200,0.095132,0.095216,0.09435,0.094608,3569.152,2018-01-16 04:00:00
1516077000,0.09455,0.094772,0.094432,0.0946,2610.759,2018-01-16 04:30:00
1516078800,0.0946,0.094689,0.09408,0.09424,2837.448,2018-01-16 05:00:00
1516080600,0.094238,0.0944,0.093601,0.093731,2746.022,2018-01-16 05:30:00
1516082400,0.093732,0.094089,0.093476,0.093652,2698.259,2018-01-16 06:00:00
1516084200,0.093653,0.093695,0.0934,0.093401,2801.931,2018-01-16 06:30:00
1516086000,0.093402,0.093592,0.093,0.093013,2411.505,2018-01-16 07:00:00
1516087800,0.093013,0.093103,0.092,0.092092,5193.075,2018-01-16 07:30:00
1516089600,0.092,0.093,0.0905,0.0905,10520.595,2018-01-16 08:00:00
1516091400,0.090536,0.093783,0.0898,0.091929,14872.876,2018-01-16 08:30:00
1516093200,0.091907,0.092592,0.09001,0.092592,8980.927,2018-01-16 09:00:00
1516095000,0.091163,0.091859,0.088486,0.089951,10835.55,2018-01-16 09:30:00
1516096800,0.090041,0.090564,0.081,0.086861,47444.338,2018-01-16 10:00:00
1516098600,0.086861,0.090134,0.0867,0.088418,12267.777,2018-01-16 10:30:00
1516100400,0.088418,0.0915,0.088309,0.090734,7719.178,2018-01-16 11:00:00
1516102200,0.090734,0.093583,0.090501,0.0935,8207.278,2018-01-16 11:30:00
1516104000,0.093499,0.094452,0.092407,0.093252,8826.452,2018-01-16 12:00:00
1516105800,0.093252,0.093423,0.092103,0.09281,6467.095,2018-01-16 12:30:00
1516107600,0.09281,0.094263,0.092356,0.093285,5224.147,2018-01-16 13:00:00
1516109400,0.093287,0.093297,0.09104,0.091432,7283.849,2018-01-16 13:30:00
1516111200,0.091429,0.093098,0.09,0.092571,5910.034,2018-01-16 14:00:00
1516113000,0.092598,0.0929,0.092377,0.092642,3880.464,2018-01-16 14:30:00
1516114800,0.092642,0.0935,0.092575,0.093145,4039.117,2018-01-16 15:00:00
1516116600,0.093054,0.093679,0.092859,0.093387,4144.022,2018-01-16 15:30:00
1516118400,0.093488,0.09384,0.093012,0.093594,3901.39,2018-01-16 16:00:00
1516120200,0.093696,0.093939,0.09326,0.09355,4496.971,2018-01-16 16:30:00
1516122000,0.09355,0.093651,0.092001,0.092756,4253.293,2018-01-16 17:00:00
1516123800,0.092756,0.093313,0.091623,0.091645,4099.769,2018-01-16 17:30:00
1516125600,0.091721,0.09306,0.090621,0.092966,6788.054,2018-01-16 18:00:00
1516127400,0.092935,0.09315,0.091346,0.091888,4332.204,2018-01-16 18:30:00
1516129200,0.091888,0.093479,0.09162,0.092723,3320.827,2018-01-16 19:00:00
1516131000,0.092723,0.093203,0.092527,0.0926,2772.426,2018-01-16 19:30:00
1516132800,0.0926,0.092681,0.091793,0.092273,2539.558,2018-01-16 20:00:00
1516134600,0.092175,0.092303,0.090948,0.091051,4094.513,2018-01-16 20:30:00
1516136400,0.09105,0.092461,0.090229,0.090367,5699.949,2018-01-16 21:00:00
1516138200,0.090367,0.090453,0.08831,0.089024,11615.423,2018-01-16 21:30:00
1516140000,0.089024,0.090011,0.0858,0.08609,14641.266,2018-01-16 22:00:00
1516141800,0.08609,0.09199,0.08559,0.090703,17818.686,2018-01-16 22:30:00
1516143600,0.090703,0.093677,0.090041,0.093018,12007.271,2018-01-16 23:00:00
1516145400,0.09289,0.093256,0.09107,0.091855,10983.033,2018-01-16 23:30:00
1516147200,0.091842,0.09378,0.091719,0.092155,12072.054,2018-01-17 00:00:00
1516149000,0.092155,0.092849,0.09008,0.090502,11093.35,2018-01-17 00:30:00
1516150800,0.090502,0.0925,0.0904,0.092306,6604.818,2018-01-17 01:00:00
1516152600,0.0922,0.092765,0.091614,0.091735,5900.998,2018-01-17 01:30:00
1516154400,0.091827,0.091999,0.089164,0.090012,6823.85,2018-01-17 02:00:00
1516156200,0.090012,0.090385,0.088822,0.089299,7052.783,2018-01-17 02:30:00
1516158000,0.089542,0.09031,0.088,0.0886,8902.045,2018-01-17 03:00:00
1516159800,0.088603,0.089931,0.08851,0.089711,6954.815,2018-01-17 03:30:00
1516161600,0.089711,0.090383,0.088504,0.088575,6549.976,2018-01-17 04:00:00
1516163400,0.088584,0.089447,0.0885,0.088701,7503.278,2018-01-17 04:30:00
1516165200,0.0887,0.088807,0.0883,0.088706,5691.402,2018-01-17 05:00:00
1516167000,0.088706,0.088807,0.0883,0.088679,5448.337,2018-01-17 05:30:00
1516168800,0.088678,0.0898,0.088583,0.089459,8958.064,2018-01-17 06:00:00
1516170600,0.089284,0.0899,0.08885,0.089202,7497.458,2018-01-17 06:30:00
1516172400,0.089201,0.089549,0.088618,0.088635,5876.712,2018-01-17 07:00:00
1516174200,0.088635,0.09,0.088626,0.089837,5526.117,2018-01-17 07:30:00
1516176000,0.0898,0.090537,0.08964,0.08979,6079.531,2018-01-17 08:00:00
1516177800,0.08979,0.09,0.08954,0.08972,5424.908,2018-01-17 08:30:00
1516179600,0.089735,0.09,0.088801,0.08884,4822.793,2018-01-17 09:00:00
1516181400,0.088841,0.089626,0.088414,0.08883,6163.441,2018-01-17 09:30:00
1516183200,0.088916,0.088919,0.088,0.088417,7126.633,2018-01-17 10:00:00
1516185000,0.088413,0.089524,0.088125,0.088608,5686.045,2018-01-17 10:30:00
1516186800,0.088608,0.089271,0.088,0.088618,6352.598,2018-01-17 11:00:00
1516188600,0.088618,0.088955,0.087,0.087171,7093.161,2018-01-17 11:30:00
1516190400,0.08723,0.087328,0.086562,0.086562,5103.963,2018-01-17 12:00:00
1516192200,0.086563,0.08674,0.085888,0.086172,4746.047,2018-01-17 12:30:00
1516194000,0.086259,0.086259,0.085555,0.085873,6286.871,2018-01-17 13:00:00
1516195800,0.085771,0.085871,0.0851,0.085202,6400.083,2018-01-17 13:30:00
1516197600,0.085201,0.085519,0.0845,0.084554,10138.921,2018-01-17 14:00:00
1516199400,0.084631,0.085203,0.08351,0.083703,10602.115,2018-01-17 14:30:00
1516201200,0.083833,0.085085,0.083461,0.08383,9109.454,2018-01-17 15:00:00
1516203000,0.083801,0.0847,0.083511,0.083948,9049.147,2018-01-17 15:30:00
1516204800,0.083948,0.086,0.0835,0.085763,9329.562,2018-01-17 16:00:00
1516206600,0.085675,0.087769,0.084744,0.087697,8333.95,2018-01-17 16:30:00
1516208400,0.087752,0.0885,0.08653,0.0872,9568.67,2018-01-17 17:00:00
1516210200,0.087199,0.0881,0.0862,0.087536,6725.426,2018-01-17 17:30:00
1516212000,0.087536,0.087551,0.086681,0.086761,3428.958,2018-01-17 18:00:00
1516213800,0.08677,0.0877,0.086258,0.086574,4460.181,2018-01-17 18:30:00
1516215600,0.086575,0.087421,0.0861,0.086378,6220.869,2018-01-17 19:00:00
1516217400,0.08661,0.088365,0.08627,0.088038,9445.784,2018-01-17 19:30:00
1516219200,0.088078,0.089598,0.087,0.088801,10195.426,2018-01-17 20:00:00
1516221000,0.088801,0.09,0.088402,0.089565,9792.012,2018-01-17 20:30:00
1516222800,0.089699,0.0915,0.08863,0.090651,13145.395,2018-01-17 21:00:00
1516224600,0.090651,0.0917,0.089802,0.091202,12350.463,2018-01-17 21:30:00
1516226400,0.091316,0.091699,0.089111,0.090365,15119.364,2018-01-17 22:00:00
1516228200,0.090458,0.09065,0.088538,0.089552,11273.426,2018-01-17 22:30:00
1516230000,0.089628,0.090495,0.087841,0.090151,8041.863,2018-01-17 23:00:00
1516231800,0.089892,0.09155,0.0897,0.091219,7701.464,2018-01-17 23:30:00
1516233600,0.091218,0.091474,0.089976,0.090105,6856.819,2018-01-18 00:00:00
1516235400,0.090105,0.090641,0.08985,0.090158,5436.187,2018-01-18 00:30:00
1516237200,0.090158,0.0914,0.090069,0.090884,7685.402,2018-01-18 01:00:00
1516239000,0.090705,0.0914,0.090501,0.090933,6905.879,2018-01-18 01:30:00
1516240800,0.090852,0.091747,0.0906,0.0912,8242.475,2018-01-18 02:00:00
1516242600,0.0912,0.091379,0.0901,0.091001,9281.307,2018-01-18 02:30:00
1516244400,0.091001,0.0912,0.090234,0.090571,7508.401,2018-01-18 03:00:00
1516246200,0.090457,0.090625,0.089,0.089401,7634.041,2018-01-18 03:30:00
1516248000,0.0895,0.090541,0.089401,0.089671,5769.921,2018-01-18 04:00:00
1516249800,0.089839,0.089952,0.08821,0.088695,6396.501,2018-01-18 04:30:00
1516251600,0.088695,0.08913,0.087938,0.089001,8080.272,2018-01-18 05:00:00
1516253400,0.089002,0.089838,0.088313,0.08978,5431.612,2018-01-18 05:30:00
1516255200,0.0897,0.09,0.089537,0.089811,4458.404,2018-01-18 06:00:00
1516257000,0.089811,0.089938,0.089409,0.089614,4198.529,2018-01-18 06:30:00
1516258800,0.0896,0.0902,0.0896,0.089699,5852.576,2018-01-18 07:00:00
1516260600,0.089699,0.089815,0.0889,0.089236,5587.115,2018-01-18 07:30:00
1516262400,0.089236,0.089749,0.089045,0.089555,4311.473,2018-01-18 08:00:00
1516264200,0.089555,0.090435,0.089497,0.09008,4412.186,2018-01-18 08:30:00
1516266000,0.089969,0.090369,0.0898,0.0898,4862.065,2018-01-18 09:00:00
1516267800,0.0898,0.090005,0.0895,0.089521,6537.389,2018-01-18 09:30:00
1516269600,0.0895,0.089999,0.089206,0.089469,5851.684,2018-01-18 10:00:00
1516271400,0.089351,0.093,0.089,0.089111,7090.275,2018-01-18 10:30:00
1516273200,0.089111,0.090338,0.088835,0.090032,8346.692,2018-01-18 11:00:00
1516275000,0.08994,0.090111,0.089387,0.089671,7711.286,2018-01-18 11:30:00
1516276800,0.089671,0.091,0.089355,0.090337,10462.095,2018-01-18 12:00:00
1516278600,0.090337,0.090899,0.089237,0.089615,10273.848,2018-01-18 12:30:00
1516280400,0.089615,0.090229,0.089074,0.089707,6228.001,2018-01-18 13:00:00
1516282200,0.089707,0.090378,0.089332,0.09033,6584.399,2018-01-18 13:30:00
1516284000,0.09025,0.090709,0.09013,0.090418,5285.044,2018-01-18 14:00:00
1516285800,0.090418,0.090835,0.090236,0.090835,8330.786,2018-01-18 14:30:00
1516287600,0.090622,0.091394,0.090591,0.090851,9339.323,2018-01-18 15:00:00
1516289400,0.090851,0.09193,0.0907,0.09135,9674.021,2018-01-18 15:30:00
1516291200,0.09135,0.092,0.091167,0.091694,9681.503,2018-01-18 16:00:00
1516293000,0.091786,0.09187,0.090874,0.091589,8061.296,2018-01-18 16:30:00
1516294800,0.091588,0.091674,0.090786,0.090807,6078.949,2018-01-18 17:00:00
1516296600,0.090902,0.090911,0.0905,0.09056,6396.474,2018-01-18 17:30:00
1516298400,0.090634,0.091399,0.090002,0.090281,6338.226,2018-01-18 18:00:00
1516300200,0.090376,0.091,0.090281,0.09065,3934.859,2018-01-18 18:30:00
1516302000,0.090649,0.091109,0.090431,0.09095,4954.531,2018-01-18 19:00:00
1516303800,0.09095,0.091199,0.0907,0.091199,3872.902,2018-01-18 19:30:00
1516305600,0.091199,0.091225,0.0908,0.090851,4203.075,2018-01-18 20:00:00
1516307400,0.090963,0.091482,0.090801,0.091388,5959.684,2018-01-18 20:30:00
1516309200,0.091346,0.0915,0.09085,0.091072,5987.649,2018-01-18 21:00:00
1516311000,0.091072,0.09172,0.0906,0.090836,7120.59,2018-01-18 21:30:00
1516312800,0.090834,0.09115,0.090001,0.090412,9541.141,2018-01-18 22:00:00
1516314600,0.090412,0.0913,0.09,0.090444,7285.78,2018-01-18 22:30:00
1516316400,0.090444,0.0908,0.090037,0.09025,4965.987,2018-01-18 23:00:00
1516318200,0.090344,0.09124,0.090276,0.090617,5315.428,2018-01-18 23:30:00
1516320000,0.090617,0.090863,0.0903,0.090751,4607.461,2018-01-19 00:00:00
1516321800,0.090847,0.091141,0.090665,0.090944,3710.802,2018-01-19 00:30:00
1516323600,0.090901,0.09125,0.090852,0.090962,4451.607,2018-01-19 01:00:00
1516325400,0.090965,0.09165,0.090881,0.09127,5544.741,2018-01-19 01:30:00
1516327200,0.09127,0.0916,0.091003,0.09134,7057.534,2018-01-19 02:00:00
1516329000,0.09134,0.091503,0.09023,0.09065,7686.111,2018-01-19 02:30:00
1516330800,0.09065,0.091199,0.090134,0.090365,8849.562,2018-01-19 03:00:00
1516332600,0.090364,0.09107,0.0902,0.09076,6364.288,2018-01-19 03:30:00
1516334400,0.090671,0.09097,0.0905,0.090706,4275.041,2018-01-19 04:00:00
1516336200,0.090671,0.09078,0.0902,0.090531,5773.213,2018-01-19 04:30:00
1516338000,0.090404,0.091,0.090108,0.090836,5243.115,2018-01-19 05:00:00
1516339800,0.090836,0.091114,0.090319,0.090613,4330.116,2018-01-19 05:30:00
1516341600,0.090681,0.090775,0.09024,0.090386,4807.89,2018-01-19 06:00:00
1516343400,0.090385,0.090555,0.09005,0.090376,4305.4,2018-01-19 06:30:00
1516345200,0.090376,0.09052,0.090179,0.090294,4120.692,2018-01-19 07:00:00
1516347000,0.090283,0.090796,0.090194,0.090698,3814.516,2018-01-19 07:30:00
1516348800,0.090603,0.091,0.090223,0.0907,6230.765,2018-01-19 08:00:00
1516350600,0.090688,0.091,0.090525,0.090937,4259.802,2018-01-19 08:30:00
1516352400,0.090827,0.0911,0.090596,0.090922,4605.139,2018-01-19 09:00:00
1516354200,0.090832,0.090948,0.090572,0.09064,3641.199,2018-01-19 09:30:00
1516356000,0.090641,0.0911,0.09058,0.090856,3941.187,2018-01-19 10:00:00
1516357800,0.090857,0.091114,0.090702,0.090961,4285.176,2018-01-19 10:30:00
1516359600,0.091055,0.09135,0.09,0.09117,5763.521,2018-01-19 11:00:00
1516361400,0.09117,0.09142,0.091,0.091314,4378.45,2018-01-19 11:30:00
1516363200,0.091314,0.09161,0.091217,0.091486,6146.173,2018-01-19 12:00:00
1516365000,0.091485,0.091681,0.0913,0.091676,3841.129,2018-01-19 12:30:00
1516366800,0.091676,0.0919,0.0914,0.091801,6177.004,2018-01-19 13:00:00
1516368600,0.091801,0.092,0.091399,0.091796,6025.906,2018-01-19 13:30:00
1516370400,0.091796,0.093,0.091604,0.091952,6925.33,2018-01-19 14:00:00
1516372200,0.092,0.092044,0.0915,0.091613,6790.201,2018-01-19 14:30:00
1516374000,0.091613,0.09209,0.091602,0.0919,5105.311,2018-01-19 15:00:00
1516375800,0.0919,0.091968,0.0911,0.091198,5086.016,2018-01-19 15:30:00
1516377600,0.091107,0.091251,0.090924,0.090964,4647.752,2018-01-19 16:00:00
1516379400,0.091044,0.091539,0.090772,0.091021,5627.21,2018-01-19 16:30:00
1516381200,0.091101,0.091232,0.090961,0.090961,5600.9,2018-01-19 17:00:00
1516383000,0.090961,0.0916,0.090877,0.091498,4815.621,2018-01-19 17:30:00
1516384800,0.0914,0.09165,0.091199,0.091569,3922.04,2018-01-19 18:00:00
1516386600,0.09157,0.091698,0.0912,0.0914,4191.727,2018-01-19 18:30:00
1516388400,0.091398,0.091459,0.090877,0.091002,4764.68,2018-01-19 19:00:00
1516390200,0.091002,0.091269,0.090877,0.090974,3410.492,2018-01-19 19:30:00
1516392000,0.090889,0.092,0.0908,0.090954,3563.616,2018-01-19 20:00:00
1516393800,0.090954,0.091043,0.090528,0.090799,2835.907,2018-01-19 20:30:00
1516395600,0.090799,0.090799,0.090315,0.090558,3441.663,2018-01-19 21:00:00
1516397400,0.090661,0.090748,0.0903,0.090471,3043.967,2018-01-19 21:30:00
1516399200,0.090471,0.0905,0.090308,0.09031,3018.172,2018-01-19 22:00:00
1516401000,0.090404,0.0907,0.09025,0.090412,3335.886,2018-01-19 22:30:00
1516402800,0.090498,0.090541,0.09025,0.090359,3055.386,2018-01-19 23:00:00
1516404600,0.090283,0.090382,0.09,0.090084,3177.055,2018-01-19 23:30:00
1516406400,0.09,0.090369,0.09,0.09025,2303.967,2018-01-20 00:00:00
